<?xml version="1.0" encoding="UTF-8"?>
<!DOCTYPE configuration
  PUBLIC "-//mybatis.org//DTD Config 3.0//EN"
  "http://mybatis.org/dtd/mybatis-3-config.dtd">
 
<configuration>

      
      <typeAliases>
            <typeAlias alias="boardVo" type="com.or.petspital.qna.Vo.BoardVo"></typeAlias>
             <typeAlias alias="commentVo" type="com.or.petspital.qna.Vo.CommentVo"></typeAlias>
             <typeAlias alias="reserveVO" type="com.or.petspital.reserve.vo.Reservation"></typeAlias>
			<typeAlias alias="memberVO" type="com.or.petspital.member.vo.MemberVO"></typeAlias>
     		 <typeAlias alias="couponVO" type="com.or.petspital.coupon.vo.CouponVO"></typeAlias>
		<typeAlias alias = "jboardVO" type="com.or.petspital.jboard.vo.JBoardVO"></typeAlias>
		<typeAlias alias="productVO" type="com.or.petspital.product.vo.ProductVO"></typeAlias>
 
 		<typeAlias type="com.or.petspital.shopping.vo.ShoppingVO" alias="shop" />
		<typeAlias type="com.or.petspital.shopping.vo.DetailVO" alias="detail" />
		<typeAlias type="com.or.petspital.shopping.vo.ReplyVO" alias="reply" />
      </typeAliases>
 
 
 
 	
 	
</configuration>


