<?xml version="1.0" encoding="UTF-8"?>
<!DOCTYPE mapper PUBLIC "-//mybatis.org//DTD Mapper 3.0//EN" "http://mybatis.org/dtd/mybatis-3-mapper.dtd" >


<mapper namespace="com.or.petspital.jboard.jboardMapper">


<!-- 게시글 전체 목록 조회 -->
<select id="jboardList" resultType="JBoardVO">
SELECT *
FROM JBOARD
ORDER BY
BNO DESC, REGDATE DESC
</select>

<!-- 게시글 작성 -->
<insert id="insert">
INSERT INTO JBOARD(bno,title,content,writer,teacher)
VALUES(bno_SEQ.NEXTVAL,#{title},#{content},#{writer},#{teacher})
</insert>
<!-- 게시글 상세보기 조회 -->
<select id="view" resultType="JBoardVO">
SELECT * FROM JBOARD
WHERE bno=#{bno}
</select>
<!-- 게시글 조회수 증가처리 -->
<update id="increaseViewcnt">
UPDATE JBOARD SET VIEWCNT=VIEWCNT+1
WHERE bno=#{bno}
</update>
<!-- 게시글 수정처리 -->
<update id="updateArticle">
UPDATE JBOARD SET
TITLE=#{title},
CONTENT=#{content},
WRITER=#{writer}
WHERE BNO=#{bno}
</update>
<!-- 게시글 삭제처리 -->
<delete id="deleteArticle">
DELETE FROM JBOARD
WHERE BNO=#{bno}
</delete>

<select id="getMemVo" parameterType="map" resultType="memberVO">
SELECT * FROM MEMBER WHERE USER_ID = #{memId} 
</select>
</mapper>