<?xml version="1.0" encoding="UTF-8"?>
<!DOCTYPE mapper PUBLIC "-//mybatis.org//DTD Mapper 3.0//EN" "http://mybatis.org/dtd/mybatis-3-mapper.dtd" >
<mapper namespace="com.or.kr.boardMapper">
 
 
 <insert id="insertBoard" parameterType="boardVo">
 	insert into mvc_board (bId, bName, bTitle, bContent, bHit, bGroup, bStep, bIndent) 
 	values (mvc_board_seq.nextval,#{bName},#{bTitle},#{bContent},0,mvc_board_seq.currval,0,0)
 </insert>

<select id="selectAllBoard" resultType="boardVo">
select * from mvc_board
</select>

 <select id="selectOneBoard" resultType="boardVo" parameterType="map" >
 select * from mvc_board where bId =#{bId}
 </select>
 
 <update id="updateHitBoard" parameterType="map">
 update mvc_board set bHit = bHit + 1 where bId = #{bId}
 </update>

<delete id="deleteBoard" parameterType="map">
delete from mvc_board where bId = #{bId}
</delete>
 
 <update id="modifyBoard" parameterType="map">
update mvc_board set bName = #{bName}, bTitle = #{bTitle}, bContent = #{bContent} where bId = #{bId}
 </update>
 
 <insert id="insertReply" parameterType="boardVo">
 insert into mvc_board (bId, bName, bTitle, bContent, bGroup, bStep, bIndent) 
 values (mvc_board_seq.nextval, #{bName}, #{bTitle}, #{bContent}, #{bGroup}, #{bStep}+1, #{bIndent}+1)
 </insert>

 <update id="replyShape" parameterType="map">
 update mvc_board set bStep = bStep + 1 where bGroup = #{bGroup} and bStep > #{bStep}
 </update>
 
 
 
 

  <select id="testlist" resultType="boardVo" parameterType="map">
	SELECT *
	FROM
	(SELECT bId,
	bName,
	bTitle,
	bIndent,
	bContent,
	bDate,
	bHit,ROW_NUMBER() OVER (order by bGroup desc, bStep asc) rnum
	FROM mvc_board)
	WHERE rnum BETWEEN #{startRow} AND #{endRow}
 </select>
 <select id="testcount" resultType="int">
 select count(*) from mvc_board
 </select>




<select id="selectAllComment" resultType="commentVo" parameterType="map">
select * from mvc_comment where bId = #{bId}
</select>

<insert id="insertComment" parameterType="commentVo">
insert into mvc_comment values(mvc_comment_seq.nextval,#{userId},#{content},#{bId})
</insert>

<delete id="deleteComment" parameterType="map">
delete from mvc_comment where cId = #{cId}
</delete>

<update id="updateComment" parameterType="map">
UPDATE mvc_comment SET content = #{content} where cId = #{cId}
</update>
</mapper>
